<?xml version="1.0" encoding="UTF-8"?>
<root>
  <item name="com.braintreepayments.api.models.PayPalAccountBuilder com.braintreepayments.api.models.PayPalAccountBuilder intent(java.lang.String) 0">
    <annotation name="android.support.annotation.StringDef">
      <val name="value" val="{com.braintreepayments.api.models.PayPalRequest.INTENT_ORDER, com.braintreepayments.api.models.PayPalRequest.INTENT_SALE, com.braintreepayments.api.models.PayPalRequest.INTENT_AUTHORIZE}" />
    </annotation>
  </item>
  <item name="com.braintreepayments.api.models.PayPalRequest com.braintreepayments.api.models.PayPalRequest intent(java.lang.String) 0">
    <annotation name="android.support.annotation.StringDef">
      <val name="value" val="{com.braintreepayments.api.models.PayPalRequest.INTENT_ORDER, com.braintreepayments.api.models.PayPalRequest.INTENT_SALE, com.braintreepayments.api.models.PayPalRequest.INTENT_AUTHORIZE}" />
    </annotation>
  </item>
  <item name="com.braintreepayments.api.models.PayPalRequest com.braintreepayments.api.models.PayPalRequest userAction(java.lang.String) 0">
    <annotation name="android.support.annotation.StringDef">
      <val name="value" val="{com.braintreepayments.api.models.PayPalRequest.USER_ACTION_DEFAULT, com.braintreepayments.api.models.PayPalRequest.USER_ACTION_COMMIT}" />
    </annotation>
  </item>
  <item name="com.braintreepayments.api.models.PayPalRequest java.lang.String getIntent()">
    <annotation name="android.support.annotation.StringDef">
      <val name="value" val="{com.braintreepayments.api.models.PayPalRequest.INTENT_ORDER, com.braintreepayments.api.models.PayPalRequest.INTENT_SALE, com.braintreepayments.api.models.PayPalRequest.INTENT_AUTHORIZE}" />
    </annotation>
  </item>
  <item name="com.braintreepayments.api.models.PayPalRequest java.lang.String getUserAction()">
    <annotation name="android.support.annotation.StringDef">
      <val name="value" val="{com.braintreepayments.api.models.PayPalRequest.USER_ACTION_DEFAULT, com.braintreepayments.api.models.PayPalRequest.USER_ACTION_COMMIT}" />
    </annotation>
  </item>
</root>

